<?xml version="1.0" encoding="UTF-8"?>
<!DOCTYPE marmichef SYSTEM "./dtd/marmichef.dtd">
<?xml-stylesheet href="./xsl/marmichef.xsl" type="text/xsl"?>
<marmichef>
	<titre difficulte="1" cout="1">
		Tisane thym et miel
	</titre>
	<image>
		./img/tisane.jpg
	</image>
	<ingredients>
		<ingredient>
			<qte>1</qte>
			<unite>botte</unite>
			<libelle>thym</libelle>
		</ingredient>
		<ingredient>
			<qte>1</qte>
			<unite>cuillère</unite>
			<libelle>miel</libelle>
		</ingredient>
		<ingredient>
			<qte>1</qte>
			<unite>rondelle</unite>
			<libelle>citron</libelle>
		</ingredient>
		<ingredient>
			<qte>3</qte>
			<unite>morceaux</unite>
			<libelle>gingembre</libelle>
		</ingredient>
		<ingredient>
			<qte>1</qte>
			<unite>litre</unite>
			<libelle>eau</libelle>
		</ingredient>
	</ingredients>
	<etapes>
		<etape>
			Faire bouillir de l'eau.
		</etape>
		<etape>
			Peler le gingembre, le couper en 3 ou 4 morceaux.
		</etape>
		<etape>
			Détailler le citron en rondelles.
		</etape>
		<etape>
			Dans une casserole, mettre l’eau, le thym, le gingembre et les rondelles de citron.
		</etape>
		<etape>
			Mélanger le miel
		</etape>			
	</etapes>
	<commentaires>
		<commentaire>
			<nom>nicolas</nom>
			<note>5</note>
			<libelle>Bon contre le mal de gorge !</libelle>
		</commentaire>
		<commentaire>
			<nom>Jimmy</nom>
			<note>5</note>
			<libelle>Ca le fait bien.</libelle>
		</commentaire>
	</commentaires>
</marmichef>